,credit_utilization,repayment_score,recovery_index,delinquent_30p,delinquent_60p,delinquent_90p
23058821,100.0,500,0.0,False,False,False
21425838,100.0,500,0.0,False,False,False
26840517,84.68442168674699,500,0.0,False,False,False
22393071,86.3605,500,0.0,False,False,False
21758712,100.0,500,0.0,False,False,False
48266284,67.85369999999999,500,0.0,False,False,False
29198415,75.3,500,0.0,False,False,False
24093613,100.0,500,0.0,False,False,False
28430011,100.0,500,0.0,False,False,False
21440291,100.0,500,0.0,False,False,False
23930517,100.0,500,0.0,False,False,False
46923750,100.0,500,0.0,False,False,False
26449246,100.0,500,0.0,False,False,False
21945195,100.0,500,0.0,False,False,False
21448249,100.0,500,0.0,False,False,False
49114261,100.0,500,0.0,False,False,False
45266370,100.0,500,0.0,False,False,False
43387546,34.804,400,0.0,False,False,False
27053498,100.0,500,0.0,False,False,False
29733144,100.0,500,0.0,False,False,False
27235017,1.1576923076923076,500,0.0,False,False,False
29038427,89.20070588235295,500,0.0,False,False,False
28697417,100.0,500,0.0,False,False,False
21328889,100.0,500,0.0,False,False,False
24645189,100.0,500,0.0,False,False,False
26684217,70.71909523809524,500,0.0,False,False,False
21827201,100.0,500,0.0,False,False,False
29185353,100.0,500,0.0,False,False,False
19410714,100.0,500,0.0,False,False,False
26106084,100.0,500,0.0,False,False,False
28205334,100.0,500,0.0,False,False,False
27567808,100.0,500,0.0,False,False,False
21566736,100.0,500,0.0,False,False,False
13810786,100.0,500,0.0,False,False,False
17781031,100.0,500,0.0,False,False,False
27024016,100.0,500,0.0,False,False,False
27304565,100.0,500,0.0,False,False,False
29164452,100.0,500,0.0,False,False,False
24794234,9.8316,500,0.0,False,False,False
25503550,100.0,500,0.0,False,False,False
20164661,100.0,500,0.0,False,False,False
25063675,100.0,500,0.0,False,False,False
23349619,100.0,500,0.0,False,False,False
29489611,100.0,500,0.0,False,False,False
26203553,58.032700000000006,500,0.0,False,False,False
26517918,81.2342,500,0.0,False,False,False
26100020,100.0,500,0.0,False,False,False
22124190,100.0,500,0.0,False,False,False
26078751,100.0,500,0.0,False,False,False
16949654,100.0,500,0.0,False,False,False
21287189,100.0,500,0.0,False,False,False
17406592,100.0,500,0.0,False,False,False
26814353,92.272,500,0.0,False,False,False
12620544,46.38841,400,0.0,False,False,False
22312131,80.12736842105264,500,0.0,False,False,False
26974331,56.65607142857143,500,0.0,False,False,False
18084687,2.8588333333333336,500,0.0,False,False,False
23678434,100.0,500,0.0,False,False,False
25522429,76.1877894736842,500,0.0,False,False,False
27397476,44.8786,500,0.0,False,False,False
21093181,100.0,500,0.0,False,False,False
25584775,100.0,500,0.0,False,False,False
47067867,100.0,500,0.0,False,False,False
43320143,100.0,500,0.0,False,False,False
21955075,33.07744939271255,500,0.0,False,False,False
27446587,16.4905,500,0.0,False,False,False
20884531,90.03041237113402,400,0.0,False,False,False
25741660,100.0,500,0.0,False,False,False
28987192,100.0,500,0.0,False,False,False
28598454,100.0,500,0.0,False,False,False
13245952,100.0,500,0.0,False,False,False
15065656,73.30600000000001,500,0.0,False,False,False
12426112,100.0,500,0.0,False,False,False
18022912,100.0,500,0.0,False,False,False
26390726,60.61716666666667,500,0.0,False,False,False
26218335,100.0,500,0.0,False,False,False
12109568,9.09462,500,0.0,False,False,False
23960223,100.0,500,0.0,False,False,False
27172188,1.5110000000000001,596,0.0,False,False,False
25136118,100.0,500,0.0,False,False,False
21503044,100.0,500,0.0,False,False,False
24612779,83.7720909090909,500,0.0,False,False,False
10765065,95.71428571428572,500,0.0,False,False,False
24896233,100.0,500,0.0,False,False,False
13974523,88.73106,548,0.0,False,False,False
41643481,94.59558823529412,500,0.0,False,False,False
40909818,93.72070930232557,500,0.0,False,False,False
42822562,100.0,500,0.0,False,False,False
22399110,100.0,500,0.0,False,False,False
44428468,100.0,500,0.0,False,False,False
16279942,100.0,500,0.0,False,False,False
23995105,2.8829285714285713,500,0.0,False,False,False
25437397,100.0,500,0.0,False,False,False
29525909,47.01864705882353,500,0.0,False,False,False
14761567,97.38571428571429,500,0.0,False,False,False
43988865,100.0,500,0.0,False,False,False
19680801,100.0,500,0.0,False,False,False
27460311,100.0,500,0.0,False,False,False
20839864,100.0,500,0.0,False,False,False
20987801,100.0,500,0.0,False,False,False
21359629,100.0,500,0.0,False,False,False
23681458,92.29060728744939,500,0.0,False,False,False
26966789,100.0,500,0.0,False,False,False
13602535,100.0,500,0.0,False,False,False
21362376,100.0,500,0.0,False,False,False
12091474,100.0,500,0.0,False,False,False
28291393,46.068000000000005,500,0.0,False,False,False
16471013,100.0,500,0.0,False,False,False
22954165,100.0,500,0.0,False,False,False
20163835,100.0,500,0.0,False,False,False
45005414,100.0,500,0.0,False,False,False
27612040,91.1898,500,0.0,False,False,False
11712439,100.0,500,0.0,False,False,False
26316827,100.0,500,0.0,False,False,False
22072284,100.0,500,0.0,False,False,False
26830010,100.0,500,0.0,False,False,False
26945734,94.63884615384615,500,0.0,False,False,False
24131511,100.0,500,0.0,False,False,False
20080384,100.0,500,0.0,False,False,False
23329598,19.487214285714284,564,0.0,False,False,False
20488222,100.0,500,0.0,False,False,False
43552019,100.0,500,0.0,False,False,False
25366490,100.0,500,0.0,False,False,False
29919228,100.0,500,0.0,False,False,False
16343808,92.60166666666667,500,0.0,False,False,False
29893953,100.0,500,0.0,False,False,False
48186766,100.0,500,0.0,False,False,False
21238662,100.0,500,0.0,False,False,False
28609814,100.0,500,0.0,False,False,False
26505651,100.0,500,0.0,False,False,False
43609555,100.0,500,0.0,False,False,False
14409263,100.0,500,0.0,False,False,False
27899600,100.0,500,0.0,False,False,False
26333411,8.325083333333334,500,0.0,False,False,False
22969523,100.0,500,0.0,False,False,False
22131153,8.1331,500,0.0,False,False,False
22064062,100.0,500,0.0,False,False,False
21160971,6.4195,400,0.0,False,False,False
27323063,100.0,500,0.0,False,False,False
28808573,100.0,500,0.0,False,False,False
21137474,100.0,500,0.0,False,False,False
22737317,100.0,500,0.0,False,False,False
25588739,100.0,500,0.0,False,False,False
27397230,100.0,500,0.0,False,False,False
25242239,100.0,500,0.0,False,False,False
47023551,100.0,500,0.0,False,False,False
24520069,100.0,500,0.0,False,False,False
29350131,100.0,500,0.0,False,False,False
13935796,100.0,500,0.0,False,False,False
25340194,100.0,500,0.0,False,False,False
22809121,100.0,500,0.0,False,False,False
28417029,100.0,500,0.0,False,False,False
23564947,93.20427272727272,500,0.0,False,False,False
17344784,100.0,500,0.0,False,False,False
21495896,85.75,500,0.0,False,False,False
22029018,100.0,500,0.0,False,False,False
24612456,100.0,500,0.0,False,False,False
26549045,100.0,500,0.0,False,False,False
23972565,65.77391304347826,500,0.0,False,False,False
15094398,100.0,500,0.0,False,False,False
20219287,2.4794545454545456,500,0.0,False,False,False
24387017,100.0,500,0.0,False,False,False
14842880,100.0,500,0.0,False,False,False
25680509,100.0,500,0.0,False,False,False
20963008,100.0,500,0.0,False,False,False
20309851,60.20720000000001,594,0.0,False,False,False
19902767,100.0,500,0.0,False,False,False
21088894,100.0,500,0.0,False,False,False
48878455,63.898828202581925,500,0.0,False,False,False
29808295,39.78613333333333,500,0.0,False,False,False
26349502,100.0,500,0.0,False,False,False
28719970,100.0,500,0.0,False,False,False
26604313,100.0,500,0.0,False,False,False
28896900,100.0,500,0.0,False,False,False
20289216,100.0,500,0.0,False,False,False
26576972,100.0,500,0.0,False,False,False
23916181,72.30666666666666,500,0.0,False,False,False
20800311,9.921052631578947,500,0.0,False,False,False
25168985,100.0,500,0.0,False,False,False
29020639,100.0,500,0.0,False,False,False
26603533,100.0,500,0.0,False,False,False
20544504,100.0,500,0.0,False,False,False
20433673,62.163090909090904,400,0.0,False,False,False
20621304,100.0,500,0.0,False,False,False
26194982,75.075,500,0.0,False,False,False
25568501,100.0,500,0.0,False,False,False
21798816,87.3268,500,0.0,False,False,False
27976304,100.0,500,0.0,False,False,False
25891030,100.0,598,0.0,False,False,False
20805341,100.0,500,0.0,False,False,False
26126258,100.0,500,0.0,False,False,False
22917567,100.0,500,0.0,False,False,False
25893313,43.89545454545454,500,0.0,False,False,False
21019402,36.65046666666667,500,0.0,False,False,False
19399181,100.0,500,0.0,False,False,False
21660669,100.0,500,0.0,False,False,False
28422516,100.0,500,0.0,False,False,False
18188928,78.26764102564103,500,0.0,False,False,False
20349293,81.74017391304349,400,0.0,False,False,False
25060030,100.0,500,0.0,False,False,False
26868488,100.0,500,0.0,False,False,False
22203078,100.0,500,0.0,False,False,False
24329905,100.0,500,0.0,False,False,False
20830374,100.0,500,0.0,False,False,False
25781332,100.0,500,0.0,False,False,False
27868786,100.0,500,0.0,False,False,False
21905412,100.0,500,0.0,False,False,False
29287762,78.51149999999998,500,0.0,False,False,False
26612027,92.125,500,0.0,False,False,False
28695625,100.0,500,0.0,False,False,False
20128483,100.0,500,0.0,False,False,False
20941377,10.0906,500,0.0,False,False,False
18325632,100.0,500,0.0,False,False,False
27128119,100.0,500,0.0,False,False,False
26739978,100.0,500,0.0,False,False,False
20882893,100.0,500,0.0,False,False,False
20141846,100.0,500,0.0,False,False,False
41353408,100.0,500,0.0,False,False,False
24533535,100.0,500,0.0,False,False,False
24397101,10.936363636363636,598,0.0,False,False,False
46873734,100.0,500,0.0,False,False,False
24991781,60.503879999999995,500,0.0,False,False,False
29993660,100.0,500,0.0,False,False,False
20823577,100.0,500,0.0,False,False,False
26853660,100.0,500,0.0,False,False,False
19131904,100.0,500,0.0,False,False,False
21732379,100.0,500,0.0,False,False,False
28309783,30.651296296296298,500,0.0,False,False,False
29197153,100.0,500,0.0,False,False,False
28547565,100.0,500,0.0,False,False,False
45997805,100.0,500,0.0,False,False,False
29660854,92.99714285714286,500,0.0,False,False,False
25559195,100.0,500,0.0,False,False,False
24913447,24.50215,500,0.0,False,False,False
18165404,100.0,500,0.0,False,False,False
19303168,100.0,500,0.0,False,False,False
27866324,100.0,500,0.0,False,False,False
28328355,69.07272727272728,500,0.0,False,False,False
27644635,100.0,500,0.0,False,False,False
26528596,100.0,500,0.0,False,False,False
19700168,100.0,500,0.0,False,False,False
23575892,44.000299999999996,500,0.0,False,False,False
21274498,79.4261818181818,500,0.0,False,False,False
48384423,100.0,500,0.0,False,False,False
22968965,20.784875,500,0.0,False,False,False
27004918,100.0,500,0.0,False,False,False
21333954,100.0,500,0.0,False,False,False
48716652,100.0,500,0.0,False,False,False
24431244,100.0,500,0.0,False,False,False
28270722,100.0,500,0.0,False,False,False
24927493,100.0,500,0.0,False,False,False
44375053,7.1198,500,0.0,False,False,False
22359571,100.0,500,0.0,False,False,False
26916932,100.0,500,0.0,False,False,False
29944060,100.0,500,0.0,False,False,False
23931498,100.0,500,0.0,False,False,False
46363556,74.8105,500,0.0,False,False,False
29544662,100.0,500,0.0,False,False,False
25935184,22.019499999999997,500,0.0,False,False,False
23495802,100.0,500,0.0,False,False,False
24219072,100.0,500,0.0,False,False,False
27029897,100.0,500,0.0,False,False,False
23865425,100.0,500,0.0,False,False,False
28915155,100.0,500,0.0,False,False,False
28856360,100.0,500,0.0,False,False,False
46454267,100.0,500,0.0,False,False,False
26610408,100.0,500,0.0,False,False,False
28372265,100.0,500,0.0,False,False,False
15738240,49.369,500,0.0,False,False,False
45609878,87.456,500,0.0,False,False,False
28096023,100.0,500,0.0,False,False,False
28070633,100.0,500,0.0,False,False,False
27594904,100.0,500,0.0,False,False,False
27651471,100.0,500,0.0,False,False,False
23814875,100.0,500,0.0,False,False,False
27711593,100.0,500,0.0,False,False,False
28134207,100.0,500,0.0,False,False,False
41880027,100.0,500,0.0,False,False,False
25743695,100.0,500,0.0,False,False,False
17245482,100.0,500,0.0,False,False,False
26915966,36.704100000000004,400,0.0,False,False,False
26961970,100.0,500,0.0,False,False,False
27762305,100.0,500,0.0,False,False,False
27846324,78.46025,500,0.0,False,False,False
25942619,2.1066000000000003,400,0.0,False,False,False
40156148,100.0,500,0.0,False,False,False
12001664,60.165400000000005,500,0.0,False,False,False
26334232,91.755,596,0.0,False,False,False
21454225,14.844100000000001,400,0.0,False,False,False
27908176,71.8175,500,0.0,False,False,False
21917287,50.5691,400,0.0,False,False,False
21830276,100.0,500,0.0,False,False,False
22036840,100.0,500,0.0,False,False,False
26507454,91.41521739130435,500,0.0,False,False,False
23988142,37.712384615384615,596,0.0,False,False,False
16424957,100.0,500,0.0,False,False,False
24204174,100.0,500,0.0,False,False,False
25840245,100.0,500,0.0,False,False,False
29488898,32.84018181818182,500,0.0,False,False,False
29587226,100.0,500,0.0,False,False,False
45448689,100.0,500,0.0,False,False,False
49103767,100.0,500,0.0,False,False,False
23478966,84.7,400,0.0,False,False,False
29382083,100.0,500,0.0,False,False,False
23789835,100.0,500,0.0,False,False,False
24683677,81.0733,400,0.0,False,False,False
25892778,100.0,500,0.0,False,False,False
27787416,63.22449999999999,500,0.0,False,False,False
21833078,100.0,500,0.0,False,False,False
25688808,79.88116000000001,500,0.0,False,False,False
20329966,84.40540000000001,500,0.0,False,False,False
23779474,36.732173913043475,500,0.0,False,False,False
26151501,100.0,500,0.0,False,False,False
28339257,100.0,500,0.0,False,False,False
27282629,100.0,500,0.0,False,False,False
27602131,30.221227272727276,500,0.0,False,False,False
21507020,84.25,500,0.0,False,False,False
41708973,100.0,500,0.0,False,False,False
26314605,100.0,500,0.0,False,False,False
24002098,95.2097,500,0.0,False,False,False
22864780,100.0,500,0.0,False,False,False
22832232,100.0,500,0.0,False,False,False
29177350,4.0721,500,0.0,False,False,False
22198171,95.47619047619048,500,0.0,False,False,False
24567507,95.8,500,0.0,False,False,False
27647049,97.23,500,0.0,False,False,False
27485463,34.787800000000004,400,0.0,False,False,False
26609904,100.0,500,0.0,False,False,False
19112105,100.0,500,0.0,False,False,False
22579174,12.8629,500,0.0,False,False,False
27236069,100.0,500,0.0,False,False,False
16783728,100.0,500,0.0,False,False,False
44159472,100.0,500,0.0,False,False,False
24642185,100.0,500,0.0,False,False,False
29717348,68.88029999999999,500,0.0,False,False,False
27720533,42.013,400,0.0,False,False,False
21053293,100.0,500,0.0,False,False,False
29657123,100.0,500,0.0,False,False,False
20544265,100.0,500,0.0,False,False,False
25731174,67.45,500,0.0,False,False,False
24236023,100.0,500,0.0,False,False,False
26906293,100.0,500,0.0,False,False,False
26236215,100.0,500,0.0,False,False,False
24834764,100.0,500,0.0,False,False,False
22089546,55.35,500,0.0,False,False,False
25132218,8.28175,500,0.0,False,False,False
21673224,100.0,500,0.0,False,False,False
22723167,100.0,500,0.0,False,False,False
15040705,15.709999999999999,500,0.0,False,False,False
20707985,100.0,500,0.0,False,False,False
41212494,100.0,500,0.0,False,False,False
28702643,14.330000000000002,500,0.0,False,False,False
21689440,100.0,500,0.0,False,False,False
20175759,100.0,500,0.0,False,False,False
25785362,100.0,500,0.0,False,False,False
26949494,100.0,500,0.0,False,False,False
29135765,85.3,500,0.0,False,False,False
26623432,100.0,500,0.0,False,False,False
42357214,100.0,500,0.0,False,False,False
28978438,100.0,500,0.0,False,False,False
28862250,100.0,500,0.0,False,False,False
21079303,100.0,500,0.0,False,False,False
28883224,100.0,500,0.0,False,False,False
19301336,100.0,500,0.0,False,False,False
23323971,100.0,500,0.0,False,False,False
29478915,100.0,500,0.0,False,False,False
22474013,100.0,500,0.0,False,False,False
44561396,100.0,500,0.0,False,False,False
27501145,100.0,500,0.0,False,False,False
27270359,78.6821,400,0.0,False,False,False
29380540,100.0,500,0.0,False,False,False
21629756,100.0,500,0.0,False,False,False
24730691,100.0,500,0.0,False,False,False
21001620,100.0,500,0.0,False,False,False
25176758,100.0,500,0.0,False,False,False
16623667,100.0,500,0.0,False,False,False
21103942,23.385,500,0.0,False,False,False
28487324,100.0,500,0.0,False,False,False
21503101,100.0,500,0.0,False,False,False
29497646,100.0,500,0.0,False,False,False
14178769,100.0,500,0.0,False,False,False
26580731,100.0,500,0.0,False,False,False
24662307,100.0,500,0.0,False,False,False
23103200,63.481,500,0.0,False,False,False
25054732,100.0,500,0.0,False,False,False
29759771,100.0,500,0.0,False,False,False
20072065,100.0,500,0.0,False,False,False
24348909,70.41290000000001,400,0.0,False,False,False
21127809,100.0,500,0.0,False,False,False
20478400,100.0,500,0.0,False,False,False
10292314,100.0,500,0.0,False,False,False
24770890,14.1395,482,0.0,False,False,False
45267907,58.279599999999995,500,0.0,False,False,False
20850716,100.0,592,0.0,False,False,False
23167294,77.50672727272728,500,0.0,False,False,False
28734525,100.0,500,0.0,False,False,False
20748850,100.0,500,0.0,False,False,False
22842176,100.0,500,0.0,False,False,False
29584819,100.0,500,0.0,False,False,False
25544255,100.0,500,0.0,False,False,False
21135322,100.0,500,0.0,False,False,False
22807489,100.0,500,0.0,False,False,False
23105625,100.0,500,0.0,False,False,False
24131846,100.0,500,0.0,False,False,False
22411342,0.5201875,400,0.0,False,False,False
28481182,100.0,500,0.0,False,False,False
28327391,100.0,500,0.0,False,False,False
18140802,78.0566,500,0.0,False,False,False
26928769,100.0,500,0.0,False,False,False
22158833,100.0,500,0.0,False,False,False
25781845,100.0,500,0.0,False,False,False
43110508,100.0,500,0.0,False,False,False
42957948,66.88,500,0.0,False,False,False
29668667,100.0,500,0.0,False,False,False
49615184,100.0,500,0.0,False,False,False
47279557,100.0,500,0.0,False,False,False
19680887,97.63336,500,0.0,False,False,False
16615665,100.0,500,0.0,False,False,False
24316399,100.0,500,0.0,False,False,False
23332843,100.0,500,0.0,False,False,False
29037920,100.0,500,0.0,False,False,False
23307438,77.95989999999999,500,0.0,False,False,False
16880128,100.0,500,0.0,False,False,False
29940053,100.0,500,0.0,False,False,False
20512959,100.0,500,0.0,False,False,False
20552374,100.0,500,0.0,False,False,False
28406045,100.0,592,0.0,False,False,False
10010576,100.0,500,0.0,False,False,False
26890831,100.0,500,0.0,False,False,False
29785142,100.0,500,0.0,False,False,False
23912113,100.0,500,0.0,False,False,False
21731059,100.0,500,0.0,False,False,False
21714647,100.0,500,0.0,False,False,False
23428581,100.0,500,0.0,False,False,False
26736009,100.0,500,0.0,False,False,False
16137736,100.0,500,0.0,False,False,False
26997527,90.9123125,500,0.0,False,False,False
25867486,100.0,500,0.0,False,False,False
43454926,100.0,500,0.0,False,False,False
23924145,100.0,500,0.0,False,False,False
22931117,100.0,500,0.0,False,False,False
28597963,100.0,500,0.0,False,False,False
28619438,100.0,500,0.0,False,False,False
18069843,100.0,500,0.0,False,False,False
22105767,100.0,500,0.0,False,False,False
24743521,100.0,500,0.0,False,False,False
27974189,100.0,500,0.0,False,False,False
27056940,91.5134,500,0.0,False,False,False
25006165,30.77375,500,0.0,False,False,False
10442240,100.0,500,0.0,False,False,False
25895136,100.0,500,0.0,False,False,False
20557332,100.0,500,0.0,False,False,False
21686950,100.0,500,0.0,False,False,False
21418952,100.0,500,0.0,False,False,False
20533239,100.0,500,0.0,False,False,False
24688643,67.825,500,0.0,False,False,False
22339981,32.6075,500,0.0,False,False,False
15592014,100.0,500,0.0,False,False,False
15982560,6.4815,500,0.0,False,False,False
20715991,100.0,500,0.0,False,False,False
22690065,73.0722,598,0.0,False,False,False
49530786,64.9814,556,0.0,False,False,False
21118053,100.0,500,0.0,False,False,False
47257794,33.5514,500,0.0,False,False,False
23947879,100.0,500,0.0,False,False,False
25677343,100.0,500,0.0,False,False,False
23438573,100.0,500,0.0,False,False,False
20228310,100.0,500,0.0,False,False,False
22337940,100.0,500,0.0,False,False,False
22725560,100.0,500,0.0,False,False,False
10150144,100.0,500,0.0,False,False,False
18559744,31.36557142857143,500,0.0,False,False,False
27244033,100.0,500,0.0,False,False,False
18976688,100.0,500,0.0,False,False,False
45230808,100.0,500,0.0,False,False,False
40436284,100.0,500,0.0,False,False,False
26496486,70.6,400,0.0,False,False,False
25609425,100.0,500,0.0,False,False,False
10976896,100.0,500,0.0,False,False,False
28079139,33.22,500,0.0,False,False,False
27786326,93.98333333333333,400,0.0,False,False,False
21697512,100.0,500,0.0,False,False,False
47603342,100.0,500,0.0,False,False,False
23960561,100.0,500,0.0,False,False,False
25796779,100.0,500,0.0,False,False,False
25100658,100.0,500,0.0,False,False,False
48655687,100.0,500,0.0,False,False,False
26658337,100.0,500,0.0,False,False,False
27234736,100.0,500,0.0,False,False,False
27353579,100.0,500,0.0,False,False,False
24631634,6.700652173913044,500,0.0,False,False,False
13036182,100.0,500,0.0,False,False,False
48895191,100.0,500,0.0,False,False,False
22007554,100.0,500,0.0,False,False,False
29623302,100.0,500,0.0,False,False,False
24584485,100.0,500,0.0,False,False,False
20616436,100.0,500,0.0,False,False,False
28931912,100.0,500,0.0,False,False,False
15668224,100.0,500,0.0,False,False,False
12998857,100.0,500,0.0,False,False,False
17099383,100.0,500,0.0,False,False,False
27227894,100.0,500,0.0,False,False,False
26887925,100.0,500,0.0,False,False,False
23636632,100.0,500,0.0,False,False,False
25972116,100.0,500,0.0,False,False,False
20108526,83.04249999999999,500,0.0,False,False,False
27158976,100.0,500,0.0,False,False,False
25254058,100.0,500,0.0,False,False,False
22352790,100.0,500,0.0,False,False,False
23612912,100.0,500,0.0,False,False,False
25152273,100.0,500,0.0,False,False,False
14669119,82.47833333333332,500,0.0,False,False,False
16778056,35.7055,500,0.0,False,False,False
24435470,100.0,500,0.0,False,False,False
45063435,100.0,500,0.0,False,False,False
29326818,100.0,500,0.0,False,False,False
27992881,100.0,500,0.0,False,False,False
22762581,100.0,500,0.0,False,False,False
26951617,100.0,500,0.0,False,False,False
23077428,100.0,500,0.0,False,False,False
24544727,72.8589,500,0.0,False,False,False
28262995,100.0,500,0.0,False,False,False
20437813,100.0,500,0.0,False,False,False
26425888,100.0,500,0.0,False,False,False
41183327,100.0,500,0.0,False,False,False
18272005,100.0,500,0.0,False,False,False
24349969,84.96842105263158,500,0.0,False,False,False
18264704,92.25635714285714,500,0.0,False,False,False
25819324,100.0,500,0.0,False,False,False
20329253,100.0,500,0.0,False,False,False
28308013,100.0,500,0.0,False,False,False
22149433,100.0,500,0.0,False,False,False
21088442,100.0,500,0.0,False,False,False
20260288,100.0,500,0.0,False,False,False
13686309,100.0,500,0.0,False,False,False
23517763,100.0,500,0.0,False,False,False
28904743,100.0,500,0.0,False,False,False
26342395,100.0,500,0.0,False,False,False
22390723,88.93761363636365,500,0.0,False,False,False
14128013,100.0,500,0.0,False,False,False
10355299,100.0,500,0.0,False,False,False
25717807,100.0,500,0.0,False,False,False
44044966,100.0,500,0.0,False,False,False
24430524,100.0,500,0.0,False,False,False
25734581,100.0,500,0.0,False,False,False
19527172,93.85249999999999,590,0.0,False,False,False
43233430,100.0,500,0.0,False,False,False
15782247,100.0,500,0.0,False,False,False
20947632,100.0,500,0.0,False,False,False
43980826,100.0,500,0.0,False,False,False
10286848,66.6996,500,0.0,False,False,False
24571227,90.79408510638298,500,0.0,False,False,False
29537451,62.501375,400,0.0,False,False,False
20322442,100.0,500,0.0,False,False,False
49110945,100.0,500,0.0,False,False,False
27523398,69.81823529411764,500,0.0,False,False,False
20547229,100.0,500,0.0,False,False,False
21815434,90.82681818181818,500,0.0,False,False,False
28082699,100.0,500,0.0,False,False,False
22908288,100.0,500,0.0,False,False,False
23302084,100.0,500,0.0,False,False,False
28772252,100.0,500,0.0,False,False,False
23304999,97.08957692307692,500,0.0,False,False,False
24774430,63.47046753246753,500,0.0,False,False,False
15443890,83.66666666666667,500,0.0,False,False,False
40571606,100.0,500,0.0,False,False,False
49380451,100.0,500,0.0,False,False,False
27281959,100.0,500,0.0,False,False,False
23343485,100.0,500,0.0,False,False,False
27611715,100.0,500,0.0,False,False,False
21204141,100.0,500,0.0,False,False,False
28039943,100.0,500,0.0,False,False,False
27429994,100.0,500,0.0,False,False,False
29166487,60.05884210526315,500,0.0,False,False,False
21805390,82.675,500,0.0,False,False,False
27388173,82.06120000000001,500,0.0,False,False,False
22828175,14.7269,400,0.0,False,False,False
26180257,100.0,500,0.0,False,False,False
23790360,100.0,500,0.0,False,False,False
15917440,53.190942857142865,500,0.0,False,False,False
21937870,100.0,500,0.0,False,False,False
24161891,20.54490909090909,500,0.0,False,False,False
25862542,100.0,500,0.0,False,False,False
22062648,100.0,500,0.0,False,False,False
26548923,47.970600000000005,500,0.0,False,False,False
49041353,100.0,500,0.0,False,False,False
14200448,100.0,500,0.0,False,False,False
14669033,100.0,500,0.0,False,False,False
18557849,100.0,500,0.0,False,False,False
25454166,100.0,500,0.0,False,False,False
20304388,100.0,500,0.0,False,False,False
28894255,100.0,500,0.0,False,False,False
26573297,100.0,500,0.0,False,False,False
27970897,100.0,500,0.0,False,False,False
27071789,100.0,500,0.0,False,False,False
29407908,100.0,500,0.0,False,False,False
20804436,95.23681818181817,500,0.0,False,False,False
40421931,100.0,500,0.0,False,False,False
23752332,100.0,500,0.0,False,False,False
20281608,100.0,500,0.0,False,False,False
24064060,100.0,500,0.0,False,False,False
18484096,100.0,500,0.0,False,False,False
20131496,100.0,500,0.0,False,False,False
22881124,100.0,500,0.0,False,False,False
40519133,54.925000000000004,500,0.0,False,False,False
25217561,4.9914,400,0.0,False,False,False
21385745,54.286899999999996,500,0.0,False,False,False
20050013,77.2688,500,0.0,False,False,False
26147985,100.0,500,0.0,False,False,False
24143358,67.018,500,0.0,False,False,False
16449408,100.0,500,0.0,False,False,False
22435673,100.0,500,0.0,False,False,False
25512188,42.5497,500,0.0,False,False,False
20372357,100.0,500,0.0,False,False,False
22563980,100.0,500,0.0,False,False,False
29736311,100.0,500,0.0,False,False,False
20005706,100.0,500,0.0,False,False,False
20258927,5.3663,500,0.0,False,False,False
10870400,100.0,500,0.0,False,False,False
22307734,100.0,500,0.0,False,False,False
21361136,100.0,500,0.0,False,False,False
22549029,100.0,500,0.0,False,False,False
13743593,100.0,500,0.0,False,False,False
28770660,100.0,500,0.0,False,False,False
26425477,100.0,500,0.0,False,False,False
26388031,100.0,500,0.0,False,False,False
29383228,100.0,500,0.0,False,False,False
21224227,100.0,500,0.0,False,False,False
22558397,100.0,500,0.0,False,False,False
20053899,100.0,500,0.0,False,False,False
26339851,100.0,500,0.0,False,False,False
22020994,27.592,500,0.0,False,False,False
20578156,94.22500000000001,500,0.0,False,False,False
12889472,2.18792,500,0.0,False,False,False
27738633,100.0,500,0.0,False,False,False
27779057,100.0,500,0.0,False,False,False
13713938,100.0,500,0.0,False,False,False
14229385,100.0,500,0.0,False,False,False
20577290,100.0,500,0.0,False,False,False
20914376,100.0,500,0.0,False,False,False
45298738,100.0,500,0.0,False,False,False
26034849,100.0,500,0.0,False,False,False
16796718,100.0,500,0.0,False,False,False
13214935,100.0,500,0.0,False,False,False
22019080,100.0,500,0.0,False,False,False
26445626,100.0,500,0.0,False,False,False
28105121,82.861,400,0.0,False,False,False
13386014,100.0,500,0.0,False,False,False
25093993,100.0,500,0.0,False,False,False
28574056,100.0,500,0.0,False,False,False
28738634,89.5,594,0.0,False,False,False
16816896,100.0,500,0.0,False,False,False
26817877,100.0,500,0.0,False,False,False
21886460,100.0,500,0.0,False,False,False
17435776,8.5215,500,0.0,False,False,False
28695710,0.8653636363636363,500,0.0,False,False,False
21034091,100.0,500,0.0,False,False,False
19326987,100.0,500,0.0,False,False,False
26434076,100.0,500,0.0,False,False,False
28297133,100.0,500,0.0,False,False,False
17170162,100.0,500,0.0,False,False,False
17998296,85.0396,500,0.0,False,False,False
20422197,100.0,500,0.0,False,False,False
20553406,78.766,500,0.0,False,False,False
25074434,100.0,500,0.0,False,False,False
27785607,100.0,500,0.0,False,False,False
19990565,100.0,500,0.0,False,False,False
17197440,100.0,500,0.0,False,False,False
20337061,100.0,500,0.0,False,False,False
26255537,100.0,500,0.0,False,False,False
21972739,100.0,500,0.0,False,False,False
24980693,100.0,500,0.0,False,False,False
22685638,100.0,500,0.0,False,False,False
23983911,100.0,500,0.0,False,False,False
29931153,100.0,500,0.0,False,False,False
25538804,100.0,500,0.0,False,False,False
21084977,100.0,500,0.0,False,False,False
25053004,100.0,500,0.0,False,False,False
22317091,100.0,500,0.0,False,False,False
22199263,83.5974,500,0.0,False,False,False
20692257,100.0,500,0.0,False,False,False
12268434,100.0,500,0.0,False,False,False
28731655,100.0,500,0.0,False,False,False
27857282,100.0,500,0.0,False,False,False
21738493,100.0,500,0.0,False,False,False
20191386,100.0,500,0.0,False,False,False
29678880,100.0,500,0.0,False,False,False
29233154,100.0,500,0.0,False,False,False
23476481,100.0,500,0.0,False,False,False
29950101,100.0,500,0.0,False,False,False
29864272,100.0,500,0.0,False,False,False
29910599,100.0,500,0.0,False,False,False
24301776,100.0,500,0.0,False,False,False
24882793,100.0,500,0.0,False,False,False
24925041,100.0,500,0.0,False,False,False
24481051,100.0,500,0.0,False,False,False
21961493,100.0,500,0.0,False,False,False
24507332,100.0,500,0.0,False,False,False
25707410,100.0,500,0.0,False,False,False
42178646,100.0,500,0.0,False,False,False
25977293,100.0,500,0.0,False,False,False
48934250,100.0,500,0.0,False,False,False
19939981,100.0,500,0.0,False,False,False
20400809,100.0,500,0.0,False,False,False
20197847,100.0,500,0.0,False,False,False
15959838,100.0,500,0.0,False,False,False
26904223,100.0,500,0.0,False,False,False
18195540,100.0,500,0.0,False,False,False
13262186,100.0,500,0.0,False,False,False
20829779,100.0,500,0.0,False,False,False
24862812,81.70270000000001,500,0.0,False,False,False
17841463,100.0,500,0.0,False,False,False
20451369,100.0,500,0.0,False,False,False
26985796,100.0,500,0.0,False,False,False
42361209,46.975,400,0.0,False,False,False
26383529,100.0,500,0.0,False,False,False
14490616,100.0,500,0.0,False,False,False
17053594,100.0,500,0.0,False,False,False
26723765,100.0,500,0.0,False,False,False
16358843,100.0,500,0.0,False,False,False
29426654,100.0,500,0.0,False,False,False
21460170,100.0,500,0.0,False,False,False
24347796,100.0,500,0.0,False,False,False
18356684,85.744,590,0.0,False,False,False
48038958,100.0,500,0.0,False,False,False
25418054,100.0,500,0.0,False,False,False
28594942,12.886500000000002,400,0.0,False,False,False
21115237,100.0,500,0.0,False,False,False
40218432,100.0,500,0.0,False,False,False
27505101,74.56925999999999,400,0.0,False,False,False
26112982,100.0,500,0.0,False,False,False
21943585,100.0,500,0.0,False,False,False
46626739,100.0,500,0.0,False,False,False
13877444,50.169700000000006,592,0.0,False,False,False
27114335,100.0,500,0.0,False,False,False
26165126,100.0,500,0.0,False,False,False
28718635,92.47209999999998,500,0.0,False,False,False
44561168,100.0,500,0.0,False,False,False
23762091,100.0,500,0.0,False,False,False
14678177,73.86989743589744,500,0.0,False,False,False
23470738,100.0,500,0.0,False,False,False
24323178,100.0,500,0.0,False,False,False
20273220,66.66536363636362,500,0.0,False,False,False
26853204,55.929230000000004,500,0.0,False,False,False
24730905,0.07773333333333333,500,0.0,False,False,False
29477708,100.0,500,0.0,False,False,False
16087546,100.0,500,0.0,False,False,False
14747520,100.0,500,0.0,False,False,False
41784449,100.0,500,0.0,False,False,False
28780968,100.0,500,0.0,False,False,False
23986259,100.0,500,0.0,False,False,False
28794414,100.0,500,0.0,False,False,False
29576559,100.0,500,0.0,False,False,False
20710573,100.0,500,0.0,False,False,False
20183421,100.0,500,0.0,False,False,False
20051137,100.0,500,0.0,False,False,False
13831808,100.0,500,0.0,False,False,False
11315712,92.24,500,0.0,False,False,False
27669224,100.0,500,0.0,False,False,False
11332692,100.0,500,0.0,False,False,False
24986930,100.0,500,0.0,False,False,False
23852604,100.0,500,0.0,False,False,False
25899879,100.0,500,0.0,False,False,False
26564755,82.4314,500,0.0,False,False,False
23230030,100.0,500,0.0,False,False,False
24228694,100.0,500,0.0,False,False,False
11011840,100.0,500,0.0,False,False,False
24749529,100.0,500,0.0,False,False,False
21346566,100.0,500,0.0,False,False,False
44398218,100.0,500,0.0,False,False,False
26845829,19.809285714285714,500,0.0,False,False,False
13948181,100.0,500,0.0,False,False,False
23402562,100.0,500,0.0,False,False,False
29960276,100.0,500,0.0,False,False,False
22633563,100.0,500,0.0,False,False,False
10738176,92.9314,500,0.0,False,False,False
18047471,100.0,500,0.0,False,False,False
25933780,96.75862068965517,500,0.0,False,False,False
28498163,100.0,500,0.0,False,False,False
29447070,100.0,500,0.0,False,False,False
21454091,100.0,500,0.0,False,False,False
28308638,100.0,500,0.0,False,False,False
24749022,100.0,500,0.0,False,False,False
27196829,20.3752,578,0.0,False,False,False
14461790,100.0,500,0.0,False,False,False
20687614,0.15710000000000002,500,0.0,False,False,False
25976450,100.0,500,0.0,False,False,False
23964843,100.0,500,0.0,False,False,False
24730065,100.0,500,0.0,False,False,False
20086118,66.65348,532,0.0,False,False,False
25117965,22.918000000000003,596,0.0,False,False,False
22082328,100.0,500,0.0,False,False,False
26524878,92.1684,500,0.0,False,False,False
48185658,100.0,500,0.0,False,False,False
29136371,100.0,500,0.0,False,False,False
20479411,100.0,500,0.0,False,False,False
10921966,100.0,500,0.0,False,False,False
47085918,100.0,500,0.0,False,False,False
20469079,100.0,500,0.0,False,False,False
20738843,100.0,500,0.0,False,False,False
21282363,100.0,500,0.0,False,False,False
21456870,100.0,500,0.0,False,False,False
21474654,100.0,500,0.0,False,False,False
23343970,100.0,500,0.0,False,False,False
11551360,100.0,500,0.0,False,False,False
20435201,100.0,500,0.0,False,False,False
21579862,100.0,500,0.0,False,False,False
18583085,100.0,500,0.0,False,False,False
22335143,78.86,500,0.0,False,False,False
27071722,82.3285,500,0.0,False,False,False
22903995,100.0,500,0.0,False,False,False
22714140,100.0,500,0.0,False,False,False
22407470,100.0,500,0.0,False,False,False
22826985,100.0,500,0.0,False,False,False
27328517,92.8471,500,0.0,False,False,False
29309712,56.6813,500,0.0,False,False,False
24324634,100.0,500,0.0,False,False,False
49748725,100.0,500,0.0,False,False,False
19595911,100.0,500,0.0,False,False,False
22905010,100.0,500,0.0,False,False,False
29074319,100.0,500,0.0,False,False,False
23882309,100.0,500,0.0,False,False,False
22458908,100.0,500,0.0,False,False,False
16193920,100.0,500,0.0,False,False,False
27783579,100.0,500,0.0,False,False,False
19828224,100.0,500,0.0,False,False,False
24471923,71.17933333333333,500,0.0,False,False,False
18531488,100.0,500,0.0,False,False,False
16878187,42.0483,400,0.0,False,False,False
18125824,100.0,500,0.0,False,False,False
24261834,100.0,500,0.0,False,False,False
21749364,54.8614,400,0.0,False,False,False
22774726,100.0,500,0.0,False,False,False
22428107,100.0,500,0.0,False,False,False
10352485,100.0,500,0.0,False,False,False
28963125,100.0,500,0.0,False,False,False
24246509,100.0,500,0.0,False,False,False
24365391,100.0,500,0.0,False,False,False
18785282,100.0,500,0.0,False,False,False
28499610,100.0,500,0.0,False,False,False
24390126,100.0,500,0.0,False,False,False
10653824,100.0,500,0.0,False,False,False
24630711,100.0,500,0.0,False,False,False
17966976,90.13,500,0.0,False,False,False
20254131,86.959,500,0.0,False,False,False
24711889,100.0,500,0.0,False,False,False
28914210,100.0,500,0.0,False,False,False
24037021,100.0,500,0.0,False,False,False
12847425,100.0,500,0.0,False,False,False
23361147,100.0,500,0.0,False,False,False
26497319,100.0,500,0.0,False,False,False
24948650,100.0,500,0.0,False,False,False
25023070,90.025,500,0.0,False,False,False
29380267,100.0,500,0.0,False,False,False
18706089,100.0,500,0.0,False,False,False
20444223,100.0,500,0.0,False,False,False
22550874,100.0,500,0.0,False,False,False
28638422,100.0,500,0.0,False,False,False
24793245,100.0,500,0.0,False,False,False
11351424,9.7152,500,0.0,False,False,False
22859669,100.0,500,0.0,False,False,False
24314849,100.0,500,0.0,False,False,False
24574421,100.0,500,0.0,False,False,False
27961013,100.0,500,0.0,False,False,False
48007063,100.0,500,0.0,False,False,False
21377078,100.0,500,0.0,False,False,False
28525585,92.89914285714286,500,0.0,False,False,False
25972401,7.3108,500,0.0,False,False,False
17253565,91.0,500,0.0,False,False,False
28603784,4.7807,500,0.0,False,False,False
25884974,100.0,500,0.0,False,False,False
26469543,100.0,500,0.0,False,False,False
23404722,100.0,502,0.0,False,False,False
14743956,84.48,500,0.0,False,False,False
10864310,100.0,500,0.0,False,False,False
12841423,100.0,500,0.0,False,False,False
43654332,100.0,500,0.0,False,False,False
29450999,100.0,500,0.0,False,False,False
16812499,100.0,500,0.0,False,False,False
26521591,100.0,500,0.0,False,False,False
29851064,81.59506451612903,500,0.0,False,False,False
21436147,100.0,500,0.0,False,False,False
22153793,100.0,500,0.0,False,False,False
25175321,100.0,500,0.0,False,False,False
25233634,100.0,500,0.0,False,False,False
24723801,100.0,500,0.0,False,False,False
48575567,80.4345,528,0.0,False,False,False
41360042,100.0,500,0.0,False,False,False
15763712,100.0,500,0.0,False,False,False
20899009,100.0,500,0.0,False,False,False
45361716,100.0,500,0.0,False,False,False
20623181,100.0,500,0.0,False,False,False
11155458,100.0,500,0.0,False,False,False
25915874,100.0,500,0.0,False,False,False
23577411,100.0,500,0.0,False,False,False
24691847,100.0,500,0.0,False,False,False
15094756,100.0,500,0.0,False,False,False
24701167,100.0,500,0.0,False,False,False
25189086,100.0,500,0.0,False,False,False
17868595,100.0,500,0.0,False,False,False
29313346,100.0,500,0.0,False,False,False
44930808,97.08099999999999,500,0.0,False,False,False
24719901,100.0,500,0.0,False,False,False
13171246,87.1498,500,0.0,False,False,False
25078107,100.0,500,0.0,False,False,False
20381556,100.0,500,0.0,False,False,False
22464374,100.0,500,0.0,False,False,False
45900056,100.0,500,0.0,False,False,False
15971712,100.0,500,0.0,False,False,False
24351661,100.0,500,0.0,False,False,False
25371197,81.8646,500,0.0,False,False,False
26066848,75.7556,400,0.0,False,False,False
13872491,42.134499999999996,592,0.0,False,False,False
25307111,100.0,500,0.0,False,False,False
15104132,100.0,500,0.0,False,False,False
29927225,72.7105,500,0.0,False,False,False
20243225,100.0,500,0.0,False,False,False
23547160,100.0,500,0.0,False,False,False
17528352,100.0,500,0.0,False,False,False
46693040,34.7605,500,0.0,False,False,False
45637332,100.0,500,0.0,False,False,False
27531777,100.0,500,0.0,False,False,False
27638104,73.30880952380953,500,0.0,False,False,False
20396060,100.0,500,0.0,False,False,False
27737892,100.0,500,0.0,False,False,False
20895901,100.0,500,0.0,False,False,False
10932099,74.586,500,0.0,False,False,False
28714123,100.0,500,0.0,False,False,False
25580566,100.0,500,0.0,False,False,False
42441219,100.0,500,0.0,False,False,False
29651726,100.0,500,0.0,False,False,False
41172334,100.0,500,0.0,False,False,False
26967676,100.0,500,0.0,False,False,False
26684894,100.0,500,0.0,False,False,False
24453756,7.846,500,0.0,False,False,False
11421715,100.0,500,0.0,False,False,False
25948454,100.0,500,0.0,False,False,False
16041204,100.0,500,0.0,False,False,False
23697246,100.0,500,0.0,False,False,False
20219773,100.0,500,0.0,False,False,False
48140139,100.0,500,0.0,False,False,False
27744407,100.0,500,0.0,False,False,False
23667593,100.0,500,0.0,False,False,False
17440902,30.84736842105263,500,0.0,False,False,False
41564377,100.0,500,0.0,False,False,False
42930844,100.0,500,0.0,False,False,False
20761984,100.0,500,0.0,False,False,False
27192330,100.0,500,0.0,False,False,False
26765411,32.425399999999996,400,0.0,False,False,False
13242472,100.0,500,0.0,False,False,False
12333952,100.0,500,0.0,False,False,False
26891004,100.0,500,0.0,False,False,False
27378551,100.0,500,0.0,False,False,False
24569309,100.0,500,0.0,False,False,False
24855241,75.27777777777777,500,0.0,False,False,False
25463249,98.76825396825397,500,0.0,False,False,False
14966870,81.40326923076923,500,0.0,False,False,False
27781134,100.0,500,0.0,False,False,False
14703488,100.0,500,0.0,False,False,False
26423611,97.73127777777778,500,0.0,False,False,False
22191081,80.00434782608696,500,0.0,False,False,False
27750219,100.0,500,0.0,False,False,False
29610592,100.0,500,0.0,False,False,False
26636804,100.0,500,0.0,False,False,False
22626759,100.0,500,0.0,False,False,False
16429400,100.0,500,0.0,False,False,False
28613973,100.0,500,0.0,False,False,False
18540763,100.0,500,0.0,False,False,False
19558954,100.0,500,0.0,False,False,False
23890399,100.0,500,0.0,False,False,False
16096417,100.0,500,0.0,False,False,False
29687401,100.0,500,0.0,False,False,False
21262750,100.0,500,0.0,False,False,False
23128046,46.444459833795015,500,0.0,False,False,False
25039756,100.0,500,0.0,False,False,False
21317244,100.0,500,0.0,False,False,False
13633536,100.0,500,0.0,False,False,False
26263081,100.0,500,0.0,False,False,False
16405878,100.0,500,0.0,False,False,False
16248244,100.0,500,0.0,False,False,False
23867032,100.0,500,0.0,False,False,False
21780344,100.0,500,0.0,False,False,False
13874944,100.0,500,0.0,False,False,False
11640053,100.0,500,0.0,False,False,False
29164623,100.0,500,0.0,False,False,False
22802387,100.0,500,0.0,False,False,False
42859165,100.0,500,0.0,False,False,False
18782736,100.0,500,0.0,False,False,False
45167675,100.0,500,0.0,False,False,False
20804021,100.0,500,0.0,False,False,False
20685280,100.0,500,0.0,False,False,False
18634202,100.0,500,0.0,False,False,False
26201443,100.0,500,0.0,False,False,False
28757164,90.56049999999999,500,0.0,False,False,False
44579489,100.0,500,0.0,False,False,False
28609175,54.818999999999996,570,0.0,False,False,False
23332697,100.0,500,0.0,False,False,False
26350490,100.0,500,0.0,False,False,False
44933290,100.0,500,0.0,False,False,False
15089809,100.0,500,0.0,False,False,False
21889991,100.0,500,0.0,False,False,False
22577001,100.0,500,0.0,False,False,False
21931926,100.0,500,0.0,False,False,False
22252260,30.61932,598,0.0,False,False,False
13733104,100.0,500,0.0,False,False,False
18664345,100.0,500,0.0,False,False,False
18616297,100.0,500,0.0,False,False,False
20379163,100.0,500,0.0,False,False,False
14458213,100.0,500,0.0,False,False,False
22486769,100.0,500,0.0,False,False,False
48075329,98.95,500,0.0,False,False,False
42631241,100.0,500,0.0,False,False,False
21608257,100.0,500,0.0,False,False,False
22731675,100.0,500,0.0,False,False,False
22155305,83.44,500,0.0,False,False,False
27912552,76.93130000000001,500,0.0,False,False,False
23691075,100.0,500,0.0,False,False,False
24633803,100.0,500,0.0,False,False,False
22437666,100.0,500,0.0,False,False,False
28724794,100.0,500,0.0,False,False,False
27693463,100.0,500,0.0,False,False,False
14486643,100.0,500,0.0,False,False,False
24763338,6.984666666666667,400,0.0,False,False,False
15874944,100.0,500,0.0,False,False,False
22953795,100.0,500,0.0,False,False,False
24968275,61.160500000000006,500,0.0,False,False,False
24227720,100.0,500,0.0,False,False,False
17423616,100.0,500,0.0,False,False,False
24291433,100.0,500,0.0,False,False,False
45966733,85.62920000000001,596,0.0,False,False,False
29068059,100.0,500,0.0,False,False,False
28613199,100.0,500,0.0,False,False,False
20611539,34.38604210526316,400,0.0,False,False,False
29407989,100.0,500,0.0,False,False,False
12962893,100.0,500,0.0,False,False,False
40837089,100.0,500,0.0,False,False,False
17066595,12.41769,500,0.0,False,False,False
27278376,100.0,500,0.0,False,False,False
20093992,100.0,500,0.0,False,False,False
23133228,100.0,500,0.0,False,False,False
19497984,61.29418,500,0.0,False,False,False
23824503,100.0,500,0.0,False,False,False
23314667,100.0,500,0.0,False,False,False
11158784,100.0,500,0.0,False,False,False
16858959,100.0,500,0.0,False,False,False
23848233,100.0,500,0.0,False,False,False
24181282,100.0,500,0.0,False,False,False
24864397,100.0,500,0.0,False,False,False
41905965,100.0,500,0.0,False,False,False
24785833,70.00370000000001,500,0.0,False,False,False
23783655,100.0,500,0.0,False,False,False
29285494,4.1892,500,0.0,False,False,False
46130324,100.0,500,0.0,False,False,False
24726229,100.0,500,0.0,False,False,False
12687360,100.0,500,0.0,False,False,False
28542237,100.0,500,0.0,False,False,False
19161216,100.0,500,0.0,False,False,False
26576923,53.469,500,0.0,False,False,False
25122607,100.0,500,0.0,False,False,False
18364604,8.649999999999999,584,0.0,False,False,False
27194290,100.0,500,0.0,False,False,False
19622866,100.0,500,0.0,False,False,False
46449858,100.0,500,0.0,False,False,False
43559481,100.0,500,0.0,False,False,False
22785134,100.0,500,0.0,False,False,False
25298350,100.0,500,0.0,False,False,False
28780638,100.0,500,0.0,False,False,False
10284800,100.0,500,0.0,False,False,False
20334227,56.998000000000005,500,0.0,False,False,False
46525367,100.0,500,0.0,False,False,False
28038052,100.0,500,0.0,False,False,False
29867745,100.0,500,0.0,False,False,False
11579922,91.11466666666666,500,0.0,False,False,False
29764603,100.0,500,0.0,False,False,False
23750413,100.0,500,0.0,False,False,False
28851277,100.0,500,0.0,False,False,False
27278027,100.0,500,0.0,False,False,False
29615842,100.0,500,0.0,False,False,False
15097501,100.0,500,0.0,False,False,False
21525686,100.0,500,0.0,False,False,False
23011683,100.0,500,0.0,False,False,False
25125208,73.34745,500,0.0,False,False,False
14111258,100.0,500,0.0,False,False,False
21114380,100.0,500,0.0,False,False,False
15194021,100.0,500,0.0,False,False,False
26731030,100.0,500,0.0,False,False,False
26741169,100.0,500,0.0,False,False,False
41337866,100.0,500,0.0,False,False,False
26520816,58.522,500,0.0,False,False,False
26694364,100.0,500,0.0,False,False,False
26833565,100.0,500,0.0,False,False,False
27113476,100.0,500,0.0,False,False,False
13497826,100.0,500,0.0,False,False,False
27238796,100.0,500,0.0,False,False,False
26745808,100.0,500,0.0,False,False,False
42760759,64.376,500,0.0,False,False,False
27995454,100.0,500,0.0,False,False,False
14222962,100.0,500,0.0,False,False,False
27976984,100.0,500,0.0,False,False,False
14705920,100.0,500,0.0,False,False,False
25882472,100.0,500,0.0,False,False,False
23646881,100.0,500,0.0,False,False,False
26192105,100.0,500,0.0,False,False,False
22464028,53.996,500,0.0,False,False,False
44865900,80.55399999999999,500,0.0,False,False,False
26730527,100.0,500,0.0,False,False,False
11010304,100.0,500,0.0,False,False,False
26945805,100.0,500,0.0,False,False,False
26954074,100.0,500,0.0,False,False,False
24595561,100.0,500,0.0,False,False,False
24939241,70.4295,594,0.0,False,False,False
26866396,100.0,500,0.0,False,False,False
25247838,100.0,500,0.0,False,False,False
47520407,86.8499,500,0.0,False,False,False
48706724,78.13598484848485,500,0.0,False,False,False
20760046,100.0,500,0.0,False,False,False
10368000,100.0,500,0.0,False,False,False
29158903,100.0,500,0.0,False,False,False
20989464,100.0,500,0.0,False,False,False
23346578,100.0,500,0.0,False,False,False
27650091,80.3272,500,0.0,False,False,False
15904338,64.3393125,500,0.0,False,False,False
20226147,100.0,500,0.0,False,False,False
12946048,100.0,500,0.0,False,False,False
20617897,100.0,500,0.0,False,False,False
28540688,100.0,500,0.0,False,False,False
13885089,100.0,500,0.0,False,False,False
22815543,100.0,500,0.0,False,False,False
25612538,100.0,500,0.0,False,False,False
23433931,100.0,500,0.0,False,False,False
45214352,100.0,500,0.0,False,False,False
21435112,100.0,500,0.0,False,False,False
25609779,100.0,500,0.0,False,False,False
28545994,100.0,500,0.0,False,False,False
21358806,100.0,500,0.0,False,False,False
20563484,100.0,500,0.0,False,False,False
23445754,100.0,500,0.0,False,False,False
26108807,100.0,500,0.0,False,False,False
24196750,100.0,500,0.0,False,False,False
40953373,100.0,500,0.0,False,False,False
24081100,100.0,500,0.0,False,False,False
22773833,100.0,500,0.0,False,False,False
26644054,100.0,500,0.0,False,False,False
21030130,100.0,500,0.0,False,False,False
21692265,100.0,500,0.0,False,False,False
20589052,100.0,500,0.0,False,False,False
14379886,100.0,500,0.0,False,False,False
14954866,89.1199,500,0.0,False,False,False
29271693,100.0,500,0.0,False,False,False
19979598,100.0,500,0.0,False,False,False
25904752,100.0,500,0.0,False,False,False
29322432,100.0,500,0.0,False,False,False
29323864,100.0,500,0.0,False,False,False
24571763,100.0,500,0.0,False,False,False
49844043,100.0,500,0.0,False,False,False
10402240,100.0,500,0.0,False,False,False
25322869,100.0,500,0.0,False,False,False
21140172,100.0,500,0.0,False,False,False
27873291,100.0,500,0.0,False,False,False
28355282,100.0,500,0.0,False,False,False
25314010,100.0,500,0.0,False,False,False
43737436,100.0,500,0.0,False,False,False
25202293,100.0,500,0.0,False,False,False
24371365,51.925,500,0.0,False,False,False
20765561,100.0,500,0.0,False,False,False
28897383,100.0,500,0.0,False,False,False
20362314,100.0,500,0.0,False,False,False
26926895,100.0,500,0.0,False,False,False
28013327,100.0,500,0.0,False,False,False
29204887,90.405,500,0.0,False,False,False
42656594,100.0,500,0.0,False,False,False
22601810,100.0,500,0.0,False,False,False
22767752,100.0,500,0.0,False,False,False
17619444,100.0,500,0.0,False,False,False
19589412,100.0,500,0.0,False,False,False
24080636,100.0,500,0.0,False,False,False
15736623,100.0,500,0.0,False,False,False
20107291,100.0,500,0.0,False,False,False
19849325,100.0,500,0.0,False,False,False
25494007,12.123764705882353,500,0.0,False,False,False
25669862,100.0,500,0.0,False,False,False
22630937,100.0,500,0.0,False,False,False
43828644,100.0,500,0.0,False,False,False
26728159,93.8349375,500,0.0,False,False,False
27820595,100.0,500,0.0,False,False,False
28210986,100.0,500,0.0,False,False,False
21738516,100.0,500,0.0,False,False,False
25670093,100.0,500,0.0,False,False,False
20622715,44.95846,500,0.0,False,False,False
23422470,89.935,500,0.0,False,False,False
20796955,100.0,500,0.0,False,False,False
25528171,100.0,500,0.0,False,False,False
21608008,100.0,500,0.0,False,False,False
20914599,100.0,500,0.0,False,False,False
23571171,100.0,500,0.0,False,False,False
20456614,100.0,500,0.0,False,False,False
21248066,83.77120000000001,500,0.0,False,False,False
18918859,100.0,500,0.0,False,False,False
20199087,100.0,500,0.0,False,False,False
14061319,100.0,500,0.0,False,False,False
20042888,100.0,500,0.0,False,False,False
23435568,100.0,500,0.0,False,False,False
24517508,84.21790000000001,500,0.0,False,False,False
17051193,73.722,500,0.0,False,False,False
24977173,100.0,500,0.0,False,False,False
23338075,100.0,500,0.0,False,False,False
22965166,100.0,500,0.0,False,False,False
15462901,100.0,500,0.0,False,False,False
25794341,100.0,500,0.0,False,False,False
19959214,100.0,500,0.0,False,False,False
13588480,100.0,500,0.0,False,False,False
46793374,100.0,500,0.0,False,False,False
11867238,62.20483950617284,500,0.0,False,False,False
21298089,100.0,500,0.0,False,False,False
20264034,67.55895454545454,500,0.0,False,False,False
12398592,100.0,500,0.0,False,False,False
28691026,100.0,500,0.0,False,False,False
23881718,27.705100000000005,500,0.0,False,False,False
24118192,100.0,500,0.0,False,False,False
14556338,100.0,500,0.0,False,False,False
25134231,100.0,500,0.0,False,False,False
27048608,100.0,500,0.0,False,False,False
24617053,21.8296,500,0.0,False,False,False
15735439,100.0,500,0.0,False,False,False
22736520,100.0,500,0.0,False,False,False
20098511,79.5075,500,0.0,False,False,False
40092423,100.0,500,0.0,False,False,False
29047158,100.0,500,0.0,False,False,False
22059945,100.0,500,0.0,False,False,False
29392526,100.0,500,0.0,False,False,False
46886437,100.0,500,0.0,False,False,False
24076644,70.768,500,0.0,False,False,False
27299425,5.2444375,400,0.0,False,False,False
26439891,26.1011,500,0.0,False,False,False
27248098,100.0,500,0.0,False,False,False
27954349,100.0,500,0.0,False,False,False
11457195,100.0,500,0.0,False,False,False
26744879,100.0,500,0.0,False,False,False
14260913,100.0,500,0.0,False,False,False
27794103,95.25,500,0.0,False,False,False
25145161,100.0,500,0.0,False,False,False
11074940,100.0,500,0.0,False,False,False
13673344,43.61809090909091,500,0.0,False,False,False
25415848,100.0,500,0.0,False,False,False
48788205,100.0,500,0.0,False,False,False
25257655,58.24159999999999,500,0.0,False,False,False
23979706,100.0,500,0.0,False,False,False
21653134,100.0,500,0.0,False,False,False
21974217,100.0,500,0.0,False,False,False
44118457,0.6785510204081633,500,0.0,False,False,False
21706194,82.6992909090909,500,0.0,False,False,False
23081164,100.0,500,0.0,False,False,False
22340155,100.0,500,0.0,False,False,False
11180673,71.65199999999999,500,0.0,False,False,False
26776218,100.0,500,0.0,False,False,False
29028729,100.0,500,0.0,False,False,False
17976746,33.073049999999995,500,0.0,False,False,False
20329520,1.0914666666666666,500,0.0,False,False,False
25809761,100.0,500,0.0,False,False,False
29205440,100.0,500,0.0,False,False,False
28073293,100.0,500,0.0,False,False,False
20437095,100.0,500,0.0,False,False,False
17927822,100.0,500,0.0,False,False,False
29176203,100.0,500,0.0,False,False,False
29117297,100.0,500,0.0,False,False,False
10434437,26.795799999999996,500,0.0,False,False,False
10749312,100.0,500,0.0,False,False,False
24913063,100.0,500,0.0,False,False,False
21158558,100.0,500,0.0,False,False,False
23157161,100.0,500,0.0,False,False,False
23424937,100.0,500,0.0,False,False,False
21956172,100.0,500,0.0,False,False,False
29843021,67.156,500,0.0,False,False,False
29423337,100.0,500,0.0,False,False,False
29720486,100.0,500,0.0,False,False,False
28394216,100.0,500,0.0,False,False,False
24338801,100.0,500,0.0,False,False,False
14778959,100.0,500,0.0,False,False,False
26955803,59.4507,500,0.0,False,False,False
22189269,100.0,500,0.0,False,False,False
24981135,100.0,500,0.0,False,False,False
20156750,100.0,500,0.0,False,False,False
21874688,100.0,500,0.0,False,False,False
24331556,76.6163076923077,500,0.0,False,False,False
23760734,91.99294,500,0.0,False,False,False
25686512,100.0,500,0.0,False,False,False
23659981,2.06476,500,0.0,False,False,False
14937662,100.0,500,0.0,False,False,False
29161437,76.35894,500,0.0,False,False,False
27138333,100.0,500,0.0,False,False,False
12398921,41.511,500,0.0,False,False,False
29970862,100.0,500,0.0,False,False,False
20591819,100.0,500,0.0,False,False,False
27794514,100.0,500,0.0,False,False,False
21911702,100.0,500,0.0,False,False,False
23409242,100.0,500,0.0,False,False,False
22606807,100.0,500,0.0,False,False,False
24515880,100.0,500,0.0,False,False,False
21054540,100.0,500,0.0,False,False,False
26179549,100.0,500,0.0,False,False,False
21241742,100.0,500,0.0,False,False,False
20902681,100.0,500,0.0,False,False,False
27903758,100.0,500,0.0,False,False,False
29499717,100.0,500,0.0,False,False,False
25362560,100.0,500,0.0,False,False,False
21287650,100.0,500,0.0,False,False,False
29449167,100.0,500,0.0,False,False,False
20925157,100.0,500,0.0,False,False,False
27665382,100.0,500,0.0,False,False,False
25234091,49.925000000000004,500,0.0,False,False,False
21876404,89.43980769230768,500,0.0,False,False,False
20382484,100.0,500,0.0,False,False,False
25925010,83.41,588,0.0,False,False,False
28904711,100.0,500,0.0,False,False,False
23959660,100.0,500,0.0,False,False,False
22537388,100.0,500,0.0,False,False,False
25601225,100.0,500,0.0,False,False,False
25587859,100.0,500,0.0,False,False,False
21050918,75.913,500,0.0,False,False,False
25397667,100.0,500,0.0,False,False,False
23920010,100.0,500,0.0,False,False,False
25512149,100.0,500,0.0,False,False,False
23443158,100.0,500,0.0,False,False,False
28330654,100.0,500,0.0,False,False,False
22085719,100.0,500,0.0,False,False,False
23858481,100.0,500,0.0,False,False,False
26311540,100.0,500,0.0,False,False,False
20010337,75.72520833333333,500,0.0,False,False,False
16410022,100.0,500,0.0,False,False,False
17914624,100.0,500,0.0,False,False,False
29444894,100.0,500,0.0,False,False,False
26713451,86.42,500,0.0,False,False,False
20436469,100.0,500,0.0,False,False,False
27477854,100.0,500,0.0,False,False,False
26829939,100.0,500,0.0,False,False,False
21525560,100.0,500,0.0,False,False,False
17068129,98.97282608695652,500,0.0,False,False,False
27082894,100.0,500,0.0,False,False,False
20869169,100.0,500,0.0,False,False,False
25682247,0.8503000000000001,400,0.0,False,False,False
23348267,49.168285714285716,424,0.0,False,False,False
21206823,100.0,500,0.0,False,False,False
25551467,100.0,500,0.0,False,False,False
22532208,100.0,500,0.0,False,False,False
24590063,100.0,500,0.0,False,False,False
27066246,43.63333333333333,500,0.0,False,False,False
28888274,100.0,500,0.0,False,False,False
20780233,100.0,500,0.0,False,False,False
23590458,100.0,500,0.0,False,False,False
29573392,100.0,500,0.0,False,False,False
21759629,100.0,500,0.0,False,False,False
26625815,100.0,500,0.0,False,False,False
21524291,100.0,500,0.0,False,False,False
27757092,100.0,500,0.0,False,False,False
21596472,100.0,500,0.0,False,False,False
27467016,100.0,500,0.0,False,False,False
20276865,100.0,500,0.0,False,False,False
25657413,91.85709999999999,530,0.0,False,False,False
41962561,100.0,500,0.0,False,False,False
21327429,100.0,500,0.0,False,False,False
21921610,100.0,500,0.0,False,False,False
28795253,100.0,500,0.0,False,False,False
21711856,100.0,500,0.0,False,False,False
24909333,97.96688,500,0.0,False,False,False
17531529,36.6115,500,0.0,False,False,False
25443110,100.0,500,0.0,False,False,False
20901839,100.0,500,0.0,False,False,False
18977435,100.0,500,0.0,False,False,False
29652991,93.7642857142857,500,0.0,False,False,False
21341596,99.96447619047619,500,0.0,False,False,False
20404945,100.0,500,0.0,False,False,False
49476895,100.0,500,0.0,False,False,False
40092942,100.0,500,0.0,False,False,False
15906055,100.0,500,0.0,False,False,False
25228219,96.6234375,500,0.0,False,False,False
22962415,100.0,500,0.0,False,False,False
43265322,100.0,500,0.0,False,False,False
23839778,0.06835,500,0.0,False,False,False
23454945,100.0,500,0.0,False,False,False
43473749,89.56510000000002,500,0.0,False,False,False
27338889,100.0,500,0.0,False,False,False
25369313,100.0,500,0.0,False,False,False
46014446,100.0,500,0.0,False,False,False
42405740,100.0,500,0.0,False,False,False
23914529,100.0,500,0.0,False,False,False
26905174,85.862925,500,0.0,False,False,False
21165989,100.0,500,0.0,False,False,False
21393665,80.38794270833334,500,0.0,False,False,False
42403057,100.0,500,0.0,False,False,False
22842779,100.0,500,0.0,False,False,False
23605891,90.51285,400,0.0,False,False,False
40190777,78.93818999999999,500,0.0,False,False,False
25104349,100.0,500,0.0,False,False,False
25749562,100.0,500,0.0,False,False,False
14935562,68.88760714285715,500,0.0,False,False,False
12362261,67.23365384615386,500,0.0,False,False,False
27162027,83.04653846153846,500,0.0,False,False,False
12771712,94.75908333333334,500,0.0,False,False,False
12488501,97.96612903225807,500,0.0,False,False,False
11243008,27.4055,500,0.0,False,False,False
25787777,100.0,500,0.0,False,False,False
26094842,100.0,500,0.0,False,False,False
21170966,81.37763157894737,500,0.0,False,False,False
10201369,89.5,500,0.0,False,False,False
10829752,97.44811111111112,500,0.0,False,False,False
11719552,55.858799999999995,500,0.0,False,False,False
21749777,95.952,500,0.0,False,False,False
20212956,0.4422142857142857,500,0.0,False,False,False
25848971,76.66057142857142,500,0.0,False,False,False
11653120,100.0,500,0.0,False,False,False
11938169,100.0,500,0.0,False,False,False
27669256,100.0,500,0.0,False,False,False
10114395,100.0,500,0.0,False,False,False
24425698,7.99376,400,0.0,False,False,False
19011205,100.0,500,0.0,False,False,False
29588857,6.7189,500,0.0,False,False,False
23839020,0.2779462365591398,500,0.0,False,False,False
21106105,100.0,500,0.0,False,False,False
28708586,33.474666666666664,500,0.0,False,False,False
29585651,31.7455,500,0.0,False,False,False
28302068,100.0,500,0.0,False,False,False
17498618,100.0,500,0.0,False,False,False
24237816,91.72,500,0.0,False,False,False
21482613,33.933846153846154,500,0.0,False,False,False
19332344,100.0,500,0.0,False,False,False
27942054,71.76428571428572,500,0.0,False,False,False
26934257,53.14654545454546,500,0.0,False,False,False
29627147,100.0,500,0.0,False,False,False
24224645,100.0,500,0.0,False,False,False
12171448,100.0,500,0.0,False,False,False
25090126,100.0,500,0.0,False,False,False
41775065,100.0,500,0.0,False,False,False
14072576,34.05117,400,0.0,False,False,False
21298740,97.68169999999999,500,0.0,False,False,False
23396528,100.0,500,0.0,False,False,False
28141200,91.33157894736841,500,0.0,False,False,False
26106745,76.609,500,0.0,False,False,False
23005393,76.39261818181818,500,0.0,False,False,False
15677440,100.0,500,0.0,False,False,False
24614586,100.0,500,0.0,False,False,False
10825766,49.473263157894735,500,0.0,False,False,False
26292091,100.0,500,0.0,False,False,False
25978772,100.0,500,0.0,False,False,False
47414806,100.0,500,0.0,False,False,False
20502777,87.55225000000002,500,0.0,False,False,False
25289437,100.0,500,0.0,False,False,False
25381601,100.0,500,0.0,False,False,False
23504951,88.93333999999999,500,0.0,False,False,False
24066124,100.0,500,0.0,False,False,False
20430447,100.0,500,0.0,False,False,False
22776126,86.2525,500,0.0,False,False,False
18742875,67.26213333333332,500,0.0,False,False,False
49912503,67.00825,500,0.0,False,False,False
24549972,100.0,500,0.0,False,False,False
46011321,100.0,500,0.0,False,False,False
11769330,89.55041,500,0.0,False,False,False
23433499,93.982,500,0.0,False,False,False
24993489,100.0,500,0.0,False,False,False
17285626,100.0,500,0.0,False,False,False
21228017,100.0,500,0.0,False,False,False
47306088,26.71578431372549,500,0.0,False,False,False
14289280,100.0,500,0.0,False,False,False
42273241,100.0,500,0.0,False,False,False
21882559,100.0,500,0.0,False,False,False
26592361,98.18875,500,0.0,False,False,False
27781233,100.0,500,0.0,False,False,False
44147239,100.0,500,0.0,False,False,False
27799903,70.01411764705882,500,0.0,False,False,False
23004553,100.0,500,0.0,False,False,False
15421588,97.4675,500,0.0,False,False,False
13076537,36.61877272727273,500,0.0,False,False,False
25047965,94.98076923076924,500,0.0,False,False,False
43316162,100.0,500,0.0,False,False,False
18518295,83.23529411764706,500,0.0,False,False,False
25640116,100.0,500,0.0,False,False,False
15072443,100.0,500,0.0,False,False,False
21331142,100.0,500,0.0,False,False,False
29135065,100.0,500,0.0,False,False,False
23533985,94.12185,500,0.0,False,False,False
42937078,100.0,500,0.0,False,False,False
25421366,68.99879710144927,500,0.0,False,False,False
19638761,100.0,500,0.0,False,False,False
10076310,100.0,500,0.0,False,False,False
21325948,100.0,500,0.0,False,False,False
22528846,100.0,500,0.0,False,False,False
21700731,100.0,500,0.0,False,False,False
23183394,100.0,500,0.0,False,False,False
13267090,89.71351724137931,500,0.0,False,False,False
29200051,100.0,500,0.0,False,False,False
27220819,100.0,500,0.0,False,False,False
20027030,100.0,500,0.0,False,False,False
20862914,73.444,500,0.0,False,False,False
24903465,100.0,500,0.0,False,False,False
24390146,100.0,500,0.0,False,False,False
22945472,100.0,500,0.0,False,False,False
20046680,100.0,500,0.0,False,False,False
22567451,89.38764705882353,500,0.0,False,False,False
29675150,100.0,500,0.0,False,False,False
23290710,100.0,500,0.0,False,False,False
10644948,100.0,500,0.0,False,False,False
43329025,100.0,500,0.0,False,False,False
15394944,100.0,500,0.0,False,False,False
28230669,78.91,500,0.0,False,False,False
28117093,4.796211640211641,500,0.0,False,False,False
24086977,100.0,500,0.0,False,False,False
25020576,100.0,500,0.0,False,False,False
25180127,100.0,500,0.0,False,False,False
26531703,100.0,500,0.0,False,False,False
26175014,100.0,500,0.0,False,False,False
27366859,5.232727272727273,598,0.0,False,False,False
28910225,100.0,500,0.0,False,False,False
15695360,40.827289156626506,500,0.0,False,False,False
28719579,42.473733333333335,500,0.0,False,False,False
19417728,83.19166666666666,500,0.0,False,False,False
18118069,95.73640845070423,500,0.0,False,False,False
41539209,100.0,500,0.0,False,False,False
26661665,31.0514,556,0.0,False,False,False
48664884,100.0,500,0.0,False,False,False
23397859,100.0,500,0.0,False,False,False
20233053,100.0,500,0.0,False,False,False
45575719,100.0,500,0.0,False,False,False
20803069,70.97299248120301,500,0.0,False,False,False
23214976,72.50722580645161,500,0.0,False,False,False
18815104,68.22209677419355,500,0.0,False,False,False
13105776,100.0,500,0.0,False,False,False
49629654,68.83547368421053,500,0.0,False,False,False
25254516,82.48299999999999,500,0.0,False,False,False
23492501,100.0,500,0.0,False,False,False
20319046,61.96803448275862,500,0.0,False,False,False
22057325,83.5,500,0.0,False,False,False
25114961,80.536,500,0.0,False,False,False
26928598,100.0,500,0.0,False,False,False
25743957,62.125,500,0.0,False,False,False
22695614,0.7129047619047619,500,0.0,False,False,False
19256350,100.0,500,0.0,False,False,False
21128518,27.18852380952381,400,0.0,False,False,False
24624904,100.0,500,0.0,False,False,False
14141522,45.22988709677419,500,0.0,False,False,False
43095408,100.0,500,0.0,False,False,False
45443669,100.0,500,0.0,False,False,False
11268314,100.0,500,0.0,False,False,False
23972446,94.07107594936707,500,0.0,False,False,False
20320722,100.0,500,0.0,False,False,False
23488924,92.4535,500,0.0,False,False,False
41672453,27.392612903225803,500,0.0,False,False,False
23401136,76.2180909090909,500,0.0,False,False,False
11762304,17.605614035087722,500,0.0,False,False,False
28424734,49.28617500000001,400,0.0,False,False,False
26139167,86.14,500,0.0,False,False,False
17610003,86.88513999999999,500,0.0,False,False,False
10927574,58.113965517241375,500,0.0,False,False,False
26776238,100.0,500,0.0,False,False,False
15952128,100.0,500,0.0,False,False,False
27213348,100.0,500,0.0,False,False,False
28730661,100.0,500,0.0,False,False,False
24100436,100.0,500,0.0,False,False,False
11528878,100.0,500,0.0,False,False,False
12914995,100.0,500,0.0,False,False,False
21164544,100.0,500,0.0,False,False,False
28042463,100.0,500,0.0,False,False,False
25021132,94.77692307692308,500,0.0,False,False,False
22957511,100.0,500,0.0,False,False,False
26155031,88.98126086956522,500,0.0,False,False,False
21332673,16.21688,400,0.0,False,False,False
48603004,71.06904,500,0.0,False,False,False
16333780,100.0,500,0.0,False,False,False
20481902,100.0,500,0.0,False,False,False
24172243,82.679625,500,0.0,False,False,False
29395814,100.0,500,0.0,False,False,False
18439377,91.7951923076923,500,0.0,False,False,False
25687402,29.897936842105267,500,0.0,False,False,False
10258810,100.0,500,0.0,False,False,False
29194054,90.11431805319751,500,0.0,False,False,False
11833437,100.0,500,0.0,False,False,False
14062419,100.0,500,0.0,False,False,False
40690963,33.81527777777778,500,0.0,False,False,False
28249891,100.0,500,0.0,False,False,False
43950792,100.0,500,0.0,False,False,False
43374644,100.0,500,0.0,False,False,False
47001346,52.87779999999999,500,0.0,False,False,False
42422707,100.0,500,0.0,False,False,False
48414028,100.0,500,0.0,False,False,False
24262283,100.0,500,0.0,False,False,False
25055188,100.0,500,0.0,False,False,False
26770847,16.10623157894737,500,0.0,False,False,False
19828992,100.0,500,0.0,False,False,False
27633808,100.0,500,0.0,False,False,False
23236487,100.0,500,0.0,False,False,False
23149609,100.0,500,0.0,False,False,False
22024803,100.0,500,0.0,False,False,False
28067351,100.0,500,0.0,False,False,False
20028183,44.24726666666667,500,0.0,False,False,False
29580783,100.0,500,0.0,False,False,False
20510698,96.47576923076923,500,0.0,False,False,False
10149330,100.0,500,0.0,False,False,False
25436842,100.0,500,0.0,False,False,False
26329026,46.534,500,0.0,False,False,False
24631997,100.0,500,0.0,False,False,False
20836016,100.0,500,0.0,False,False,False
26687434,77.72995,500,0.0,False,False,False
29774780,39.1245,500,0.0,False,False,False
23044503,19.5566,442,0.0,False,False,False
24568563,2.2965,500,0.0,False,False,False
27269138,100.0,500,0.0,False,False,False
14624514,100.0,592,0.0,False,False,False
23522485,100.0,500,0.0,False,False,False
26703684,100.0,500,0.0,False,False,False
25291904,100.0,500,0.0,False,False,False
18844220,100.0,500,0.0,False,False,False
25973704,100.0,500,0.0,False,False,False
23553371,93.53333333333333,500,0.0,False,False,False
28019261,5.803640000000001,500,0.0,False,False,False
29511494,100.0,500,0.0,False,False,False
23075187,100.0,500,0.0,False,False,False
24977015,100.0,500,0.0,False,False,False
22843750,49.19118181818182,414,0.0,False,False,False
19176270,98.425,500,0.0,False,False,False
22160217,100.0,500,0.0,False,False,False
26497892,100.0,500,0.0,False,False,False
23362168,100.0,500,0.0,False,False,False
14868794,33.287696969696974,500,0.0,False,False,False
28521106,82.18428571428572,500,0.0,False,False,False
43951415,100.0,500,0.0,False,False,False
23420200,26.991966666666666,500,0.0,False,False,False
24898724,100.0,500,0.0,False,False,False
24216058,100.0,500,0.0,False,False,False
20398665,100.0,500,0.0,False,False,False
28556658,93.271,500,0.0,False,False,False
18121600,100.0,500,0.0,False,False,False
22378004,100.0,500,0.0,False,False,False
22587003,100.0,500,0.0,False,False,False
23485725,92.20606666666666,500,0.0,False,False,False
42398873,95.31850415512466,500,0.0,False,False,False
22160379,100.0,500,0.0,False,False,False
23860689,100.0,500,0.0,False,False,False
40665010,40.047650000000004,500,0.0,False,False,False
29442676,84.39116666666666,500,0.0,False,False,False
16987726,13.67144,596,0.0,False,False,False
26261078,34.465125,500,0.0,False,False,False
21233918,15.74268,588,0.0,False,False,False
24320457,2.9851,500,0.0,False,False,False
40684255,100.0,500,0.0,False,False,False
41940632,61.77844680851064,500,0.0,False,False,False
44093668,100.0,500,0.0,False,False,False
20289075,22.951810000000002,500,0.0,False,False,False
11491317,100.0,500,0.0,False,False,False
28588556,100.0,500,0.0,False,False,False
11308800,100.0,500,0.0,False,False,False
25105676,96.1402,500,0.0,False,False,False
13910540,85.1568,594,0.0,False,False,False
20952576,96.4488,500,0.0,False,False,False
23748130,39.03,400,0.0,False,False,False
18236416,100.0,500,0.0,False,False,False
29285965,100.0,500,0.0,False,False,False
44363431,20.220679999999998,500,0.0,False,False,False
11116218,100.0,500,0.0,False,False,False
26047516,24.425150000000002,500,0.0,False,False,False
44591025,100.0,500,0.0,False,False,False
22454628,100.0,500,0.0,False,False,False
21075021,84.88,500,0.0,False,False,False
26448747,100.0,500,0.0,False,False,False
48934369,49.88465,500,0.0,False,False,False
26065451,100.0,500,0.0,False,False,False
28115985,87.84182,500,0.0,False,False,False
21579479,96.04812,500,0.0,False,False,False
17850833,100.0,500,0.0,False,False,False
43878755,100.0,500,0.0,False,False,False
26582900,100.0,500,0.0,False,False,False
11619342,19.384555555555554,500,0.0,False,False,False
26957339,96.07340506329115,500,0.0,False,False,False
14615808,100.0,500,0.0,False,False,False
40332313,100.0,500,0.0,False,False,False
45114298,97.866,500,0.0,False,False,False
14522112,75.92812500000001,500,0.0,False,False,False
26794594,95.03537,500,0.0,False,False,False
21711893,100.0,500,0.0,False,False,False
26468815,100.0,500,0.0,False,False,False
27335655,100.0,500,0.0,False,False,False
21302023,100.0,500,0.0,False,False,False
21752579,100.0,500,0.0,False,False,False
12872834,96.13842500000001,500,0.0,False,False,False
27740283,100.0,500,0.0,False,False,False
45784592,100.0,500,0.0,False,False,False
20784867,64.97532,500,0.0,False,False,False
24551980,100.0,500,0.0,False,False,False
43006148,100.0,500,0.0,False,False,False
29094351,39.287499999999994,500,0.0,False,False,False
18036132,100.0,500,0.0,False,False,False
25717253,97.687,500,0.0,False,False,False
17991904,100.0,500,0.0,False,False,False
17274653,100.0,500,0.0,False,False,False
23455395,27.846314285714286,500,0.0,False,False,False
18851948,100.0,500,0.0,False,False,False
49347504,100.0,500,0.0,False,False,False
22030933,27.12148,500,0.0,False,False,False
16002360,100.0,500,0.0,False,False,False
20367716,100.0,500,0.0,False,False,False
10323584,100.0,500,0.0,False,False,False
26425007,100.0,500,0.0,False,False,False
28924415,100.0,500,0.0,False,False,False
21276584,85.50098780487805,500,0.0,False,False,False
13670021,100.0,500,0.0,False,False,False
16675968,100.0,500,0.0,False,False,False
25273677,100.0,500,0.0,False,False,False
10967808,82.91844,500,0.0,False,False,False
12014562,93.81200000000001,500,0.0,False,False,False
22785033,100.0,500,0.0,False,False,False
22497721,11.075353016688062,500,0.0,False,False,False
13997834,64.15517241379311,500,0.0,False,False,False
22466423,100.0,500,0.0,False,False,False
27113623,100.0,400,0.0,False,False,False
29077461,37.4056,400,0.0,False,False,False
20039742,100.0,500,0.0,False,False,False
12618915,100.0,500,0.0,False,False,False
28149557,95.0995,500,0.0,False,False,False
27646222,100.0,500,0.0,False,False,False
20438865,79.17397297297298,500,0.0,False,False,False
25621158,100.0,500,0.0,False,False,False
28112549,100.0,500,0.0,False,False,False
22080707,29.498799999999996,400,0.0,False,False,False
19036070,100.0,500,0.0,False,False,False
22861537,83.79096078431373,500,0.0,False,False,False
22434203,100.0,500,0.0,False,False,False
20899422,9.441105263157896,400,0.0,False,False,False
17784136,100.0,500,0.0,False,False,False
27590468,100.0,500,0.0,False,False,False
23066128,100.0,500,0.0,False,False,False
24283759,100.0,500,0.0,False,False,False
14899456,100.0,500,0.0,False,False,False
23365749,100.0,500,0.0,False,False,False
26633721,100.0,500,0.0,False,False,False
21095386,100.0,500,0.0,False,False,False
23631546,100.0,500,0.0,False,False,False
20143354,100.0,500,0.0,False,False,False
20282216,100.0,500,0.0,False,False,False
43142679,68.25630000000001,500,0.0,False,False,False
28364165,100.0,500,0.0,False,False,False
20096408,97.98480769230768,500,0.0,False,False,False
16382225,100.0,500,0.0,False,False,False
42565827,100.0,500,0.0,False,False,False
18422887,100.0,500,0.0,False,False,False
21080637,100.0,500,0.0,False,False,False
42861043,69.07561224489797,500,0.0,False,False,False
23824005,92.8705,500,0.0,False,False,False
27050432,100.0,500,0.0,False,False,False
23533701,63.8153488372093,500,0.0,False,False,False
20294583,11.5338,400,0.0,False,False,False
24540095,100.0,500,0.0,False,False,False
18453760,100.0,500,0.0,False,False,False
25578450,100.0,500,0.0,False,False,False
11756128,100.0,500,0.0,False,False,False
22404579,100.0,500,0.0,False,False,False
14450292,93.07,500,0.0,False,False,False
29413202,85.53663999999999,500,0.0,False,False,False
20418910,100.0,500,0.0,False,False,False
13874219,54.21905,500,0.0,False,False,False
13796265,100.0,500,0.0,False,False,False
24998636,81.0,500,0.0,False,False,False
13591779,100.0,500,0.0,False,False,False
24930886,100.0,500,0.0,False,False,False
27235707,97.3,500,0.0,False,False,False
26233481,92.24775999999999,500,0.0,False,False,False
15902344,100.0,500,0.0,False,False,False
13222564,100.0,500,0.0,False,False,False
42839836,100.0,500,0.0,False,False,False
23550559,100.0,500,0.0,False,False,False
14529690,100.0,500,0.0,False,False,False
27350453,100.0,500,0.0,False,False,False
22547497,100.0,500,0.0,False,False,False
28127222,100.0,500,0.0,False,False,False
29021138,76.81171428571429,500,0.0,False,False,False
10531313,100.0,500,0.0,False,False,False
43954906,75.6123,500,0.0,False,False,False
17841768,100.0,500,0.0,False,False,False
21894348,100.0,500,0.0,False,False,False
15209216,100.0,500,0.0,False,False,False
24238807,100.0,500,0.0,False,False,False
17011200,100.0,500,0.0,False,False,False
10330369,52.012499999999996,500,0.0,False,False,False
41032861,100.0,500,0.0,False,False,False
27445129,100.0,500,0.0,False,False,False
11609286,100.0,500,0.0,False,False,False
21848308,75.5848,500,0.0,False,False,False
20998394,100.0,500,0.0,False,False,False
12670379,100.0,500,0.0,False,False,False
26417266,100.0,500,0.0,False,False,False
29348032,100.0,500,0.0,False,False,False
24625910,100.0,500,0.0,False,False,False
18292224,59.2576,500,0.0,False,False,False
46770467,100.0,500,0.0,False,False,False
27584438,100.0,500,0.0,False,False,False
22390934,54.61,500,0.0,False,False,False
22503338,100.0,500,0.0,False,False,False
28300037,100.0,500,0.0,False,False,False
44684905,86.69973684210527,500,0.0,False,False,False
43932564,100.0,500,0.0,False,False,False
19989376,100.0,500,0.0,False,False,False
25051212,100.0,500,0.0,False,False,False
19308865,100.0,500,0.0,False,False,False
24603624,100.0,500,0.0,False,False,False
27116444,100.0,500,0.0,False,False,False
19405696,97.10869565217392,500,0.0,False,False,False
26237577,100.0,500,0.0,False,False,False
20522626,100.0,500,0.0,False,False,False
28722994,100.0,500,0.0,False,False,False
16562816,78.90082105263157,500,0.0,False,False,False
43826959,92.9054054054054,500,0.0,False,False,False
10957730,100.0,500,0.0,False,False,False
25850498,75.8738,500,0.0,False,False,False
28726617,100.0,500,0.0,False,False,False
46930059,100.0,500,0.0,False,False,False
15842293,100.0,500,0.0,False,False,False
49820887,100.0,500,0.0,False,False,False
28545002,74.08333333333333,500,0.0,False,False,False
10091139,100.0,500,0.0,False,False,False
20362456,93.6002962962963,500,0.0,False,False,False
23837796,65.01050000000001,500,0.0,False,False,False
26833940,100.0,500,0.0,False,False,False
45002308,100.0,500,0.0,False,False,False
11024128,100.0,500,0.0,False,False,False
20895747,100.0,500,0.0,False,False,False
20084004,61.37050000000001,500,0.0,False,False,False
48631576,100.0,500,0.0,False,False,False
28689907,100.0,500,0.0,False,False,False
46145986,100.0,500,0.0,False,False,False
26182450,66.36363636363637,500,0.0,False,False,False
24995051,100.0,500,0.0,False,False,False
17510016,100.0,500,0.0,False,False,False
13820672,76.45150000000001,500,0.0,False,False,False
23269130,100.0,500,0.0,False,False,False
27077170,10.015,500,0.0,False,False,False
10644128,65.22876666666667,596,0.0,False,False,False
25391649,80.99947368421053,500,0.0,False,False,False
17229689,100.0,500,0.0,False,False,False
21218483,100.0,500,0.0,False,False,False
40957783,100.0,500,0.0,False,False,False
12715299,95.8607894736842,500,0.0,False,False,False
25142045,100.0,500,0.0,False,False,False
26336213,100.0,500,0.0,False,False,False
49603940,100.0,500,0.0,False,False,False
12063006,31.89152,500,0.0,False,False,False
26156313,66.49273684210527,500,0.0,False,False,False
24915972,100.0,500,0.0,False,False,False
25883682,57.61538461538461,500,0.0,False,False,False
14294649,38.49857142857143,500,0.0,False,False,False
26396967,100.0,500,0.0,False,False,False
20259705,63.86960975609757,500,0.0,False,False,False
24822042,100.0,500,0.0,False,False,False
26637491,45.88222727272727,500,0.0,False,False,False
29850681,100.0,500,0.0,False,False,False
23944592,43.932629999999996,500,0.0,False,False,False
26298807,9.415533333333332,500,0.0,False,False,False
21281311,100.0,500,0.0,False,False,False
21455800,84.69444444444446,500,0.0,False,False,False
25850858,75.44297222222222,500,0.0,False,False,False
41641469,100.0,500,0.0,False,False,False
46199687,100.0,500,0.0,False,False,False
25718052,100.0,500,0.0,False,False,False
26287569,82.5688,500,0.0,False,False,False
44045277,68.43507142857142,400,0.0,False,False,False
21765771,100.0,500,0.0,False,False,False
23128746,23.311416666666666,400,0.0,False,False,False
19469737,100.0,500,0.0,False,False,False
20513521,86.73720833333334,598,0.0,False,False,False
14362352,100.0,500,0.0,False,False,False
18095365,100.0,500,0.0,False,False,False
14238299,100.0,500,0.0,False,False,False
23282753,83.17,500,0.0,False,False,False
26801135,35.068083333333334,500,0.0,False,False,False
29957198,0.44003333333333333,500,0.0,False,False,False
23587557,100.0,500,0.0,False,False,False
25601382,100.0,500,0.0,False,False,False
27959220,100.0,500,0.0,False,False,False
23474814,95.15,500,0.0,False,False,False
18544512,100.0,500,0.0,False,False,False
22758532,100.0,500,0.0,False,False,False
29440824,100.0,500,0.0,False,False,False
11590633,100.0,500,0.0,False,False,False
14002133,61.05712,500,0.0,False,False,False
29289824,100.0,500,0.0,False,False,False
21802160,89.28946938775509,500,0.0,False,False,False
25849436,100.0,500,0.0,False,False,False
26219164,15.016766917293234,500,0.0,False,False,False
23511638,100.0,500,0.0,False,False,False
22203649,100.0,500,0.0,False,False,False
23313048,100.0,500,0.0,False,False,False
26399385,100.0,500,0.0,False,False,False
16978944,100.0,500,0.0,False,False,False
21662394,100.0,500,0.0,False,False,False
18511496,85.478125,500,0.0,False,False,False
21266953,100.0,500,0.0,False,False,False
10771996,96.04347826086956,500,0.0,False,False,False
25355282,100.0,500,0.0,False,False,False
23636532,36.283641025641025,500,0.0,False,False,False
27355087,100.0,500,0.0,False,False,False
28946247,100.0,500,0.0,False,False,False
27525743,100.0,500,0.0,False,False,False
46855908,100.0,500,0.0,False,False,False
48041510,47.18893406593407,500,0.0,False,False,False
25305319,31.806490000000004,500,0.0,False,False,False
10595913,16.007479999999997,500,0.0,False,False,False
18304090,88.14189,500,0.0,False,False,False
23627025,100.0,500,0.0,False,False,False
23352336,21.390566666666665,400,0.0,False,False,False
28495376,81.285,500,0.0,False,False,False
22696750,59.273399999999995,500,0.0,False,False,False
25175513,100.0,500,0.0,False,False,False
25402913,100.0,500,0.0,False,False,False
28724967,72.007,400,0.0,False,False,False
17646336,100.0,500,0.0,False,False,False
28626270,92.11364864864866,500,0.0,False,False,False
29997740,100.0,500,0.0,False,False,False
27339949,100.0,500,0.0,False,False,False
10172160,100.0,500,0.0,False,False,False
15515846,100.0,500,0.0,False,False,False
